doc_id,category,title,text
D001,business,Market growth,"The stock market reported strong economic growth after technology companies announced higher profits and new investment plans. Analysts said inflation and interest rates remain important risks."
D002,politics,Prime minister policy,"The prime minister announced a new government policy focused on education reform, health services and economic support for working families. Opposition leaders questioned the funding plan."
D003,sport,World cup football,"The football team prepared for the world cup match with a new defensive strategy. The coach said the players were confident after recent tournament victories."
D004,tech,Artificial intelligence companies,"Technology companies are investing in artificial intelligence platforms, cloud computing and data security. Experts believe AI tools will transform software development and customer service."
D005,entertainment,Film awards,"The film awards ceremony celebrated new cinema releases, music performances and television drama. Critics praised the winning director for creative storytelling."
D006,business,Economic inflation,"Economic growth slowed as inflation increased food prices and transport costs. The central bank may adjust interest rates to control price rises."
D007,politics,Election campaign,"The government election campaign focused on tax policy, public transport and climate commitments. Voters asked candidates about jobs and local services."
D008,sport,Cricket final,"The cricket team won the final after an excellent bowling performance and a powerful batting display. Fans celebrated the historic championship victory."
D009,tech,Cyber security,"Cyber security experts warned that online banking systems require stronger authentication and continuous monitoring. Several companies improved their data protection policies."
D010,business,Stock market prices,"Stock market prices increased after investors reacted positively to company earnings reports and improved economic forecasts. Energy shares also performed well."
D011,politics,Government reform,"Government ministers introduced reform plans for housing, education and public health. The prime minister said the new policy would improve national services."
D012,sport,Football league,"The football league match ended with a late goal from the home team. Supporters praised the striker for speed, accuracy and leadership."
D013,tech,Mobile technology,"Mobile technology firms launched new devices with faster processors, better cameras and improved battery performance. Consumers compared prices before choosing phones."
D014,entertainment,Music festival,"The music festival attracted thousands of fans with live performances, comedy shows and food stalls. Organizers said ticket demand was higher than expected."
D015,business,Company investment,"A major company announced investment in renewable energy projects and digital infrastructure. Economists said the plan could create jobs and support regional growth."
D016,politics,Foreign policy,"The foreign policy debate included trade agreements, border security and international cooperation. Parliament members requested clearer evidence for the proposed strategy."
D017,sport,Tennis tournament,"The tennis tournament featured several close matches and a dramatic final. The champion credited training discipline and mental strength for the victory."
D018,tech,Search engine ranking,"The search engine company updated its ranking algorithm to improve information retrieval, document relevance and query understanding for users."
D019,entertainment,Streaming service,"The streaming service released a new television series that became popular among young viewers. Reviewers highlighted strong acting and emotional writing."
D020,business,Market regulation,"Financial regulators proposed new market regulation to improve transparency and reduce unfair trading practices. Investors welcomed stronger protection rules."
D021,politics,Prime minister speech,"The prime minister speech addressed economic policy, national security and education spending. Journalists asked questions about government accountability."
D022,sport,Olympic training,"Olympic athletes started intensive training programs before the international games. Coaches monitored performance data and injury risks carefully."
D023,tech,Cloud computing,"Cloud computing providers expanded data centers to support artificial intelligence workloads, business analytics and secure enterprise applications."
D024,entertainment,Theatre production,"The theatre production received excellent reviews for stage design, music and emotional performances. Audiences praised the actors after the final scene."
D025,business,Employment growth,"Employment growth improved as small businesses hired more workers and technology firms opened new offices. Analysts expected stronger consumer spending."
D026,business,Commodity market report,"Investors followed the stock market all week while global food market prices rose sharply across the region. Analysts said market prices reflected ongoing supply problems in the wider economy."
D027,tech,E-commerce strategy,"The government announced a long-term e-commerce strategy using state-of-the-art technology for small businesses. Experts said well-known online platforms must follow the anti-monopoly rules and offer user-friendly self-service tools."
